variant,chr,position_grch37,position_grch38,closest_gene,ref,alt,major,minor,maf,OR,95_CI,Meta_P,I2_Pf,category
rs4844610,1,207802552,207629207,CR1,A,C,C,A,0.187,1.17,1.13–1.21,3.6 __10_24,"0, 8 __10_1",known
rs6733839,2,127892810,127135234,BIN1,C,T,C,T,0.407,1.2,1.17–1.23,2.1 __10_44,"15, 2 __10_1",known
rs10933431,2,233981912,233117202,INPP5D,G,C,C,G,0.223,0.91,0.88–0.94,3.4 __10_9,"0, 8 __10_1",known
rs9271058,6,32575406,32607629,HLA-DRB1,A,T,T,A,0.27,1.1,1.07–1.13,1.4 __10_11,"10, 3 __10_1",known
rs75932628,6,41129252,41161514,TREM2,C,T,C,T,0.008,2.08,1.73–2.49,2.7 __10_15,"0, 6 __10_1",known
rs9473117,6,47431284,47463548,CD2AP,A,C,A,C,0.28,1.09,1.06–1.12,1.2___10_10,"0, 6 __10_1",known
rs12539172,7,100091795,100494172,NYAP1,T,C,C,T,0.303,0.92,0.90–0.95,9.3 __10_10,"0, 8 __10_1",known
rs10808026,7,143099133,143402040,EPHA1,C,A,C,A,0.199,0.9,0.88–0.93,1.3 __10_10,"0, 5___10_1",known
rs73223431,8,27219987,27362470,PTK2B,C,T,C,T,0.367,1.1,1.07–1.13,6.3 __10_14,"0, 6 __10_1",known
rs9331896,8,27467686,27610169,CLU,C,T,T,C,0.387,0.88,0.85–0.90,4.6 __10_24,"3, 4 __10_1",known
rs3740688,11,47380340,47358789,SPI1,G,T,T,G,0.448,0.92,0.89–0.94,5.4 __10_13,"4, 4 __10_1",known
rs7933202,11,59936926,60169453,MS4A2,A,C,A,C,0.391,0.89,0.87–0.92,1.9 __10_19,"27, 5 __10_2",known
rs3851179,11,85868640,86157598,PICALM,T,C,C,T,0.356,0.88,0.86–0.90,6.0 __10_25,"0, 8 __10_1",known
rs11218343,11,121435587,121564878,SORL1,T,C,T,C,0.04,0.8,0.75–0.85,2.9 __10_12,"7, 3 __10_1",known
rs17125924,14,53391680,52924962,FERMT2,A,G,A,G,0.093,1.14,1.09–1.18,1.4 __10_9,"8, 3 __10_1",known
rs12881735,14,92932828,92466484,SLC24A4,T,C,T,C,0.221,0.92,0.89–0.94,7.4x 10_9,"0, 6 __10_1",known
rs3752246,19,1056492,1056493,ABCA7,G,C,C,G,0.182,1.15,1.11–1.18,3.1 __10_16,"0, 5___10_1",known
rs429358,19,45411941,44908684,APOE,T,C,T,C,0.216,,,,,known
rs6024870,20,54997568,56422512,CASS4,G,A,G,A,0.088,0.88,0.85–0.92,3.5 __10_8,"0, 9 __10_1",known
rs7920721,10,11720308,11678309,ECHDC3,A,G,A,G,0.389,1.08,1.05–1.11,2.3 __10_9,"0,8 __10_1",novel
rs138190086,17,61538148,63460787,ACE,G,A,G,A,0.02,1.32,1.20–1.45,7.5 __10_9,"0, 9 __10_1",novel
rs7412,19,45412079,44908822,APOE,C,T,C,T,,,,,,added